Title,Channel,View Count,Like Count,Comment Count,Publish Date
Can I Break 50 With President Donald Trump?,Bryson DeChambeau,2136342,150188,17308,2024-07-23T16:06:28Z
Joker: Folie √Ä Deux | Official Trailer,Warner Bros. Pictures,7242384,314421,14213,2024-07-23T13:00:29Z
Helldivers 2 - Escalation of Freedom Announcement Trailer | PS5 & PC Games,PlayStation,1280225,79447,6782,2024-07-23T13:00:49Z
Shannon Sharpe reacts to Skip Bayless leaving Undisputed & Fox Sports | Nightcap,Nightcap,639637,18101,2763,2024-07-23T13:00:24Z
Madden 25 | Gameplay Deep Dive,EA SPORTS MADDEN NFL,185055,7297,1615,2024-07-23T14:55:08Z
Childish Gambino - Lithonia (Official Music Video),ChildishGambinoVEVO,1322141,57799,5491,2024-07-22T16:01:00Z
Tesla Cybertruck in Fortnite Trailer,Fortnite,1026064,29627,2888,2024-07-22T14:00:34Z
Fortnite‚Äôs *NEW* GIANT Update! (FREE Cybertruck & Deadpool RETURNS),Ali-A,414487,7114,482,2024-07-23T13:46:00Z
An Elden Ring Movie ‚ñ∫ Children of the Scarlet Rot,VaatiVidya,724195,58305,3509,2024-07-22T18:46:52Z
SUPERPOWER ft. KISS OF LIFE and Mark Tuan (Official Music Video) // VALORANT Champions 2024 Anthem,VALORANT,630767,63876,4491,2024-07-23T16:27:45Z
FaZe Clan VS Lil Durk & OTF 5V5 Basketball..,JasonTheWeen Live,175759,4320,402,2024-07-23T11:44:52Z
Rebellion - The Skibidi Saga 11 (Part 1),Maxedy,1017196,52497,3350,2024-07-23T12:00:06Z
Unc & Ocho react to LeBron James' late-game heroics in back-to-back Team USA victories | Nightcap,Nightcap,160092,4643,633,2024-07-23T03:40:54Z
FIGHT HIGHLIGHTS | JAKE PAUL VS MIKE PERRY,DAZN Boxing,4805591,30329,11418,2024-07-21T06:06:59Z
‚ÄúOh f*** off!‚Äù ü§¨üòÇ Ryan Reynolds and Hugh Jackman on how Deadpool & Wolverine almost didn't happen,BBC Radio 1,153304,6868,182,2024-07-23T15:05:06Z
Jimin: Who | The Tonight Show Starring Jimmy Fallon,The Tonight Show Starring Jimmy Fallon,1800680,354977,19383,2024-07-23T04:27:06Z
I finally finished the fair and balanced Elden Ring DLC,zanny,473679,33718,1643,2024-07-22T20:30:07Z
"Gordon Ramsay, Ryan Reynolds & Hugh Jackman Compete in a Chimichanga Cook-Off (ft Tilly Ramsay)",Gordon Ramsay,966579,36408,1513,2024-07-22T15:00:52Z
XG - UNDEFEATED (Performance Video),XG,643120,91641,2527,2024-07-23T09:00:22Z
How to Unlock The FREE Tesla Cybertruck in Fortnite!,Perfect Score,81682,1359,181,2024-07-23T11:58:05Z
Uncle Howdy hits Chad Gable with Sister Abigail after The Alpha Academy deny their former leader,WWE ON FOX,330136,7283,730,2024-07-23T02:09:43Z
Deadpool and Wolverine Out Of The Theater Reaction!,Kristian Harloff,140755,5977,487,2024-07-23T03:20:25Z
"Ms. Netta & Charles Opens Up About Buying Fake Clothes, Donald Trump, Food Stamps & Haters",Open Thoughts,505702,13211,3651,2024-07-21T20:20:07Z
BREAKING NEWS: President Joe Biden drops out of 2024 presidential race,NBC Chicago,1127671,9566,8560,2024-07-21T18:37:42Z
eliminate the WHOLE lobby with the NEW bomber role...,Disguised Toast,484089,20304,613,2024-07-22T19:06:44Z
YouTube Music Critic,MeatCanyon,2391373,207154,8359,2024-07-21T17:00:48Z
Lisa Kudrow Started Watching ‚ÄúFriends‚Äù After Matthew Perry‚Äôs Passing | Conan O'Brien Needs A Friend,Team Coco,366195,8876,515,2024-07-22T17:00:00Z
Exploring the Last Dodge Charger Police Pursuit Vehicle with Tim Kuniskis | Jay Leno's Garage,Jay Leno's Garage,347952,11108,1572,2024-07-22T16:00:08Z
"USA vs GERMANY | USAB SHOWCASE | FULL GAME HIGHLIGHTS | July 22, 2024",NBA,6085548,87677,11205,2024-07-22T21:19:17Z
"Elden Ring DLC, But if I Die I Add Another Mod...",KanesGrace,151370,5298,266,2024-07-22T21:25:04Z
TEKKEN 8 ‚Äî Heihachi Mishima Trailer,Bandai Namco Entertainment America,1680028,61822,11451,2024-07-21T23:24:43Z
Health Update,Rick Beato,528837,54922,8062,2024-07-22T19:02:38Z
I Won. (FIGHT HIGHLIGHTS),Jake Paul,410280,15617,1558,2024-07-22T16:39:04Z
Giving Our Broken BMW The Engine It Deserves,Donut,703775,31818,2308,2024-07-22T15:03:01Z
Now Loading... - Scott The Woz,Scott The Woz,646016,51522,3553,2024-07-22T00:00:19Z
NRL 2024 | Maroons v Blues | Match Highlights,NRL - National Rugby League,359792,4309,874,2024-07-17T12:41:28Z
CrowdStrike IT Outage Explained by a Windows Developer,Dave's Garage,1620973,141137,7434,2024-07-21T20:00:58Z
Truck Camping in Alaska - Blackened Salmon Bowl Catch & Cook,Mav,398602,12193,760,2024-07-22T01:17:32Z
Street Fighter 6 - Terry Teaser Trailer,Street Fighter,937817,40713,3999,2024-07-22T02:05:51Z
What Happened to the 5 Acre Pond (Bad News),BamaBass,514175,19340,925,2024-07-22T00:00:25Z
"Mama Kudos For Doing That, For Kiki'ing | Plane Jane and Trixie!",Trixie Mattel,394127,23031,1237,2024-07-22T20:00:02Z
MAX REACTS: HARADA LIED! Heihachi Tekken 8 Reveal,Maximilian Dood,494713,23744,2444,2024-07-21T23:46:20Z
Gas Monkey Sturgis: Countdown to Completion,Gas Monkey Garage,333668,14088,569,2024-07-21T22:28:41Z
My First 100 Games of Fortnite,TheOdd1sOut,2931468,135114,13273,2024-07-20T16:01:31Z
Earliest Legendary Pok√©mon in Every Game,MandJTV,466127,23879,1788,2024-07-21T13:19:26Z
Razer's new keyboard is basically cheating.,optimum,1861507,67170,5103,2024-07-21T12:47:25Z
"7 Days Remote Camping, Fishing & Exploring Ketchikan Alaska",Outdoor Boys,3022682,93328,N/A,2024-07-20T11:00:26Z
SIDEMEN AMONG US: KSI SHAPESHIFTER MASTERCLASS,MoreSidemen,3935998,189020,5931,2024-07-20T16:30:13Z
addressing everything...,Riss & Quan,1308417,61985,9360,2024-07-20T19:34:58Z
My Extreme Bathroom Makeover *that took 3 years*,morgans vlogs,191442,10625,473,2024-07-21T18:31:40Z
